	r1	r2	r3	r4	r5	r6	r7	r8	r9	r10	r11	r12	r13	r14	r15	r16	r17	r18	r19	r20	r21	r22	r23	r24	r25	r26	r27
RW.TTTATGCAGTCTTGCA-1	0	1	0	0	0	2	3	0	0	4	4	0	0	0	5	3	0	0	3	6	7	-1	-1	-1	-1	-1	-1
RW.TGAGCCGGTTGTACAC-1	8	1	0	-1	-1	-1	-1	-1	-1	4	4	2	4	4	5	3	0	0	0	6	7	-1	-1	-1	-1	-1	-1
RE.GAATGAAAGATGTCGG-1	0	0	9	10	11	11	0	0	0	4	4	2	12	13	13	3	11	11	14	1	0	-1	-1	-1	-1	-1	-1
RE.CTCGGGACATTTGCTT-1	0	13	13	0	13	13	15	0	0	0	13	13	0	16	17	3	0	17	-1	-1	-1	3	0	0	-1	-1	-1
RE.AGGGTGAAGATAGGAG-1	0	13	13	0	13	13	15	18	19	0	13	13	0	16	17	3	0	17	-1	-1	-1	3	0	0	-1	-1	-1
M2.TCGGTAAAGAAGGTGA-1	0	1	0	0	0	2	-1	-1	-1	-1	-1	-1	20	0	5	3	0	0	0	0	0	-1	-1	-1	-1	-1	-1
M2.GTAGGCCCATTGCGGC-1	0	1	0	0	0	2	3	0	0	4	4	0	4	4	5	3	0	0	3	0	2	-1	-1	-1	-1	-1	-1
M2.CCCAATCGTTGCGTTA-1	0	1	0	0	0	2	3	0	0	4	4	0	0	0	5	3	0	0	3	0	0	-1	-1	-1	-1	-1	-1
M1.TTAACTCGTAGCGTCC-1	0	0	0	-1	-1	-1	4	4	0	3	0	0	-1	-1	-1	3	0	0	0	0	0	-1	-1	-1	-1	-1	-1
LL.TCAGATGGTTAAAGAC-1	3	13	13	0	0	17	4	4	0	4	4	0	0	0	21	3	0	22	0	0	0	23	0	0	0	0	2
LL.GTGTTAGGTGATGATA-1	0	0	0	-1	-1	-1	3	0	0	0	0	0	0	1	0	3	0	2	14	0	0	0	13	13	-1	-1	-1
LL.GTGCAGCGTTTGTTTC-1	8	24	0	0	0	25	4	4	0	0	0	2	0	0	0	3	0	0	-1	-1	-1	0	0	0	-1	-1	-1
LL.GTCGGGTCAGGATCGA-1	0	26	2	3	27	0	4	4	28	0	1	0	29	30	0	4	4	0	8	0	17	0	0	0	8	0	2
LL.GTACGTACATTGCGGC-1	0	31	0	0	11	11	0	0	0	0	0	0	-1	-1	-1	3	0	2	14	0	0	32	0	0	-1	-1	-1
LL.GGTGAAGGTCTTCAAG-1	-1	-1	-1	0	11	11	3	0	0	33	34	35	4	4	0	3	0	2	14	36	37	8	0	0	-1	-1	-1
LL.GGGTCTGAGCCCAGCT-1	3	24	0	38	38	0	4	4	0	4	4	2	0	0	0	3	0	0	39	0	0	40	0	0	-1	-1	-1
LL.GCGCAACTCAACACCA-1	3	0	0	29	0	0	4	4	0	-1	-1	-1	3	0	0	-1	-1	-1	3	0	41	0	0	0	-1	-1	-1
LL.GCGCAACAGGTAGCTG-1	0	13	13	3	42	0	10	0	0	-1	-1	-1	0	0	5	3	0	0	3	0	7	43	43	43	44	0	45
LL.GAACATCCACGTTGGC-1	8	24	0	0	0	25	4	4	0	0	0	2	0	0	0	3	0	0	-1	-1	-1	0	0	0	-1	-1	-1
LL.CGTGAGCAGATAGCAT-1	0	46	46	0	11	11	0	0	0	-1	-1	-1	0	47	0	3	0	7	14	0	0	0	0	2	3	47	0
LL.CAGATCACACAGTCGC-1	38	38	0	3	0	37	4	4	0	4	4	0	8	0	48	0	0	2	38	38	17	0	49	49	0	50	2
LL.ATTTCTGGTGAAATCA-1	3	0	0	29	0	0	4	4	0	0	0	0	3	0	0	-1	-1	-1	3	0	41	0	0	0	-1	-1	-1
LL.ATTATCCAGTACGATA-1	0	31	0	0	11	11	0	0	0	0	0	0	-1	-1	-1	3	0	2	14	0	0	32	0	0	-1	-1	-1
LL.ACTGAACAGAGGACGG-1	0	0	0	0	11	11	3	0	0	0	0	0	0	47	0	3	0	0	14	0	0	0	0	0	-1	-1	-1
LL.ACCGTAATCCTCTAGC-1	0	0	2	0	0	2	4	4	0	0	51	0	4	4	0	-1	-1	-1	52	0	0	0	53	53	0	0	2
LL.ACACCGGCACCAGATT-1	38	38	0	3	0	0	-1	-1	-1	54	54	54	-1	-1	-1	-1	-1	-1	0	0	17	0	49	49	-1	-1	-1
LL.AAGTCTGTCCTAGTGA-1	0	46	46	0	11	11	0	0	0	-1	-1	-1	0	47	0	3	0	0	14	0	0	0	0	2	-1	-1	-1
LL.AACACGTTCTGCTGTC-1	0	0	0	4	4	0	4	4	0	0	1	37	3	0	0	0	0	0	55	55	55	0	42	0	8	1	2
